model1,model2,symbol,avg_rcoeff,median_rcoeff,min_rcoeff,max_rcoeff
Claude,Cohere,0941.HK,0.4292277290356469,0.595931098366351,-0.1579520863923717,0.7926876392282689
Claude,Cohere,1211.HK,0.5234294083879487,0.6491315052824255,-0.2992111983359685,0.8463871141881844
Claude,Cohere,AMZN,0.550492198102843,0.6238914025393769,0.012879829263187,0.9407481147200402
Claude,Cohere,BABA,0.5222077680883401,0.8380432076905762,-0.6637349119540725,0.934221956871931
Claude,Cohere,DTE.DE,0.211983782156531,-0.000812761421989,-0.659441863610158,0.957235028841568
Claude,Cohere,FXI,0.5152392969526178,0.7721151806085831,-0.7128187300296526,0.966688599264808
Claude,Cohere,GM,0.32761026914592,0.3952491211849085,-0.6011553485770129,0.9943422867986712
Claude,Cohere,IFNNY,0.502206033544187,0.7143637266691104,-0.0701182775940671,0.9642661342160208
Claude,Cohere,MBGYY,0.377814704949746,0.7780374503614422,-0.5958481659592092,0.9373666605858486
Claude,Cohere,SPX,0.5623626834356302,0.6527691277013591,-0.2267936570738292,0.9245037316405208
Claude,Cohere,T,0.47655437819455565,0.5899187315149967,-0.0192939545869117,0.8055456281297219
Claude,Deepseek,0941.HK,0.449280102833053,0.5696329149723754,0.0046978300676669,0.8026721596949706
Claude,Deepseek,1211.HK,0.5293906022464565,0.6466516189615968,-0.3889392138150694,0.8950322771534369
Claude,Deepseek,AMZN,0.5731364721997313,0.6320950709047859,0.025510299573418,0.9467524995330024
Claude,Deepseek,BABA,0.5266470870863491,0.8241233365488226,-0.6592355906304515,0.9678107610230378
Claude,Deepseek,DTE.DE,0.2204773067990843,0.025043200886739,-0.6104842590042705,0.8903371154762484
Claude,Deepseek,FXI,0.5176200459582603,0.7885944280827576,-0.7024144784261815,0.9644116453556336
Claude,Deepseek,GM,0.388972626620543,0.6858254392642429,-0.588526298852212,0.9954361741467754
Claude,Deepseek,IFNNY,0.5178340148775987,0.7874488022287178,-0.0814984600807717,0.9791760013057274
Claude,Deepseek,MBGYY,0.39098426531204244,0.7762570220241903,-0.6045640013018372,0.9581890568529235
Claude,Deepseek,SPX,0.5646537021929383,0.6663663658654162,-0.2255077936013288,0.9245939460041768
Claude,Deepseek,T,0.5247953161265466,0.5899187315149967,0.0518600931729603,0.8279278274351068
Claude,Doubao,0941.HK,0.4757975948113213,0.5426718793260323,0.0517145726353462,0.8642043530358112
Claude,Doubao,1211.HK,0.6625683599896212,0.7059783137384305,0.1892250653482821,0.9042746531373084
Claude,Doubao,AMZN,0.6506587110004484,0.6954775730549094,0.0913626022893249,0.9605396396684998
Claude,Doubao,BABA,0.5584438898390676,0.8349767948457809,-0.561537809656763,0.9694589468504016
Claude,Doubao,DTE.DE,0.24866815064354908,0.2394303067124749,-0.784429001960037,0.9311097717293776
Claude,Doubao,FXI,0.5600881156227531,0.8052715426105994,-0.5483608065328134,0.9594295306381156
Claude,Doubao,GM,0.39038997875245063,0.7770575100813775,-0.5615638529406729,0.9934032585368576
Claude,Doubao,IFNNY,0.5196012084459303,0.863745315680579,-0.0660485587432158,0.9775149443206492
Claude,Doubao,MBGYY,0.3592957939501506,0.700161899451126,-0.6102792376799512,0.9761727611404802
Claude,Doubao,SPX,0.579382114633781,0.6268858539134412,-0.1619081161489938,0.9434227745073668
Claude,Doubao,T,0.48669539729710787,0.626680139284961,-0.0710590893673813,0.8279278274351067
Claude,GPT,0941.HK,0.5701602493952767,0.6142356286921214,0.2432634674301205,0.8134103888760151
Claude,GPT,1211.HK,0.7727008012369998,0.822914840109187,0.6210717277347519,0.8973755160587747
Claude,GPT,AMZN,0.6580512083753762,0.7663815519227277,0.0252219758873027,0.9480886968793872
Claude,GPT,BABA,0.809812136611121,0.8169396308878402,0.6463685254506764,0.974277795803189
Claude,GPT,DTE.DE,0.2308365389594642,0.0165813236007001,-0.4705741368489179,0.9060533951598536
Claude,GPT,FXI,0.5180434209971472,0.7885292989787953,-0.765063939487285,0.9554179200428036
Claude,GPT,GM,0.4174106523452295,0.7855551889733113,-0.5898306569867751,0.997386072082777
Claude,GPT,IFNNY,0.34984562077993003,0.814338488069503,-0.8785412201634487,0.9785628970874976
Claude,GPT,MBGYY,0.2414303371323018,0.7724486997605675,-0.8273781111702655,0.939390054579599
Claude,GPT,SPX,0.5745549714792658,0.6450230911400213,-0.1549281252800881,0.9245754317787472
Claude,GPT,T,0.6131342275243069,0.6226729912531431,0.2758118714539411,0.7912670323761641
Claude,Gemini,0941.HK,0.4575375329507919,0.5686752846430463,0.0039006041600989,0.8415912887723324
Claude,Gemini,1211.HK,0.5290464267317434,0.6467944796805027,-0.3890658319173654,0.8943772444081137
Claude,Gemini,AMZN,0.5809856649995564,0.6249255342767733,0.0252219758873027,0.947043028149564
Claude,Gemini,BABA,0.5262830416621933,0.8232742584117434,-0.6596506938803708,0.9681236501219048
Claude,Gemini,DTE.DE,0.23142067907211544,0.0450065265551524,-0.6131935897440766,0.9183301956886348
Claude,Gemini,FXI,0.5167705813597928,0.7885292989787953,-0.7060499083946891,0.9645066607874162
Claude,Gemini,GM,0.39681506039243286,0.7286597932209169,-0.5898306569867751,0.9966464659759332
Claude,Gemini,IFNNY,0.5234391479753712,0.8068502275403695,-0.0779666294999053,0.9785628970874976
Claude,Gemini,MBGYY,0.3813274154010398,0.773271684771547,-0.6061906931844043,0.9381408182159868
Claude,Gemini,SPX,0.5644703465631661,0.6665421429442026,-0.2294942303989832,0.9245754317787472
Claude,Gemini,T,0.5172609380043351,0.5876328906815212,0.0516236699792641,0.801688050478018
Claude,Mistral,0941.HK,0.21245353577041462,0.1928413729146077,-0.8167641174942234,0.9053406253975116
Claude,Mistral,1211.HK,0.44726587200163637,0.6344589403433605,-0.5159447166126984,0.8961764912081099
Claude,Mistral,AMZN,0.3723209515642455,0.6703901892911928,-0.6088604865671238,0.9536380316885028
Claude,Mistral,BABA,0.42170529062591644,0.5804546226695243,-0.4627652610641251,0.9675774923121496
Claude,Mistral,DTE.DE,0.26091906092671413,0.5957638265632353,-0.5882211550621718,0.8620173321178429
Claude,Mistral,FXI,0.42120010322091694,0.7822093551042111,-0.5241942846968747,0.8988517437028246
Claude,Mistral,GM,-0.03391606845511232,0.0532833767806101,-0.8711843970272675,0.7885963817403894
Claude,Mistral,IFNNY,0.09572374163067314,-0.0644472829845302,-0.9685927069596616,0.8490031495627899
Claude,Mistral,MBGYY,0.027849003724812672,-0.0939996239962791,-0.9206028784916986,0.8902461147402864
Claude,Mistral,SPX,0.16400667430982738,0.4043286023166782,-0.9308240246351565,0.9258651114552487
Claude,Mistral,T,0.5486552845002209,0.6161286427212449,0.2768387250849576,0.7363717382270731
Claude,Qwen,0941.HK,0.42723845705194946,0.2514629192141118,0.1088136972443371,0.84159128877233
Claude,Qwen,1211.HK,0.7112031164328089,0.650371711084475,0.5111797842191256,0.8989136909737178
Claude,Qwen,AMZN,0.5115653219231548,0.6375870980057509,-0.118116405642786,0.945919990244203
Claude,Qwen,BABA,0.31538169548154477,0.8204766472013731,-0.9190308103387924,0.9686094355639222
Claude,Qwen,DTE.DE,0.1877589242372511,0.0134004131061786,-0.6057949117867832,0.9183301956886362
Claude,Qwen,FXI,0.5285354563134886,0.8510418348459102,-0.9474105010296898,0.9688201193787342
Claude,Qwen,GM,0.15681245972393434,0.0189015641462006,-0.576533571715464,0.995895863574808
Claude,Qwen,IFNNY,0.6153618030452812,0.8068502275403706,0.0216942355939845,0.9743473779717836
Claude,Qwen,MBGYY,0.4183516669365896,0.8616098770550222,-0.5101051381013478,0.9381408182159868
Claude,Qwen,SPX,0.0513161288827035,-0.0483378665637539,-0.8077726105179496,0.8979626494932736
Claude,Qwen,T,0.31480805297004233,0.3637247243627536,-0.3737710550510196,0.8016880504780166
Cohere,Claude,0941.HK,0.4292277290356469,0.595931098366351,-0.1579520863923717,0.7926876392282688
Cohere,Claude,1211.HK,0.5234294083879487,0.6491315052824255,-0.2992111983359685,0.8463871141881844
Cohere,Claude,AMZN,0.5504921981028431,0.6238914025393769,0.0128798292631871,0.9407481147200404
Cohere,Claude,BABA,0.52220776808834,0.838043207690576,-0.6637349119540725,0.934221956871931
Cohere,Claude,DTE.DE,0.211983782156531,-0.000812761421989,-0.659441863610158,0.957235028841568
Cohere,Claude,FXI,0.5152392969526178,0.7721151806085831,-0.7128187300296525,0.966688599264808
Cohere,Claude,GM,0.32761026914592,0.3952491211849084,-0.6011553485770129,0.9943422867986712
Cohere,Claude,IFNNY,0.502206033544187,0.7143637266691105,-0.0701182775940671,0.9642661342160208
Cohere,Claude,MBGYY,0.377814704949746,0.7780374503614422,-0.5958481659592092,0.9373666605858486
Cohere,Claude,SPX,0.5623626834356301,0.6527691277013591,-0.2267936570738292,0.9245037316405208
Cohere,Claude,T,0.47655437819455565,0.5899187315149966,-0.0192939545869117,0.805545628129722
Cohere,Deepseek,0941.HK,0.9893858409577263,0.9938784203880048,0.973277796282778,0.9996445274908629
Cohere,Deepseek,1211.HK,0.974069768907577,0.9947217656113312,0.9004336368038705,0.9999811136562096
Cohere,Deepseek,AMZN,0.9963303014906085,0.9997849656741198,0.9828083958053412,0.999868235828232
Cohere,Deepseek,BABA,0.9920943309598282,0.9951588191511308,0.9813234539621768,0.9999897843412352
Cohere,Deepseek,DTE.DE,0.9631352361160431,0.9933555313533008,0.8350681592449207,0.99972996601949
Cohere,Deepseek,FXI,0.9961958653402588,0.9992198488156314,0.985683555758621,0.9993961704686524
Cohere,Deepseek,GM,0.9805163304813579,0.9996555225531985,0.9040950284747848,0.9998754797994012
Cohere,Deepseek,IFNNY,0.9951924887888628,0.999558640480796,0.9805806756909198,0.9999210667318432
Cohere,Deepseek,MBGYY,0.9939083217554217,0.9970294658875786,0.9774272012166052,0.9997960172116752
Cohere,Deepseek,SPX,0.9974258270717578,0.9998889031724058,0.9880701468312212,0.999974017224596
Cohere,Deepseek,T,0.9844715399909996,0.9976200292599086,0.927886408827176,1.0
Cohere,Doubao,0941.HK,0.952177351002133,0.9710201069499084,0.8631070856732629,0.996122868390376
Cohere,Doubao,1211.HK,0.9580865202735499,0.9880844680315004,0.874164594838669,0.9999119239398884
Cohere,Doubao,AMZN,0.9818446764886148,0.99475635414563,0.9418050365002472,0.9968459902053364
Cohere,Doubao,BABA,0.9777466181332685,0.9950909016378376,0.9183569067832388,0.998943151300428
Cohere,Doubao,DTE.DE,0.9582453168352154,0.9698170753969944,0.886990056968803,0.9880213128637548
Cohere,Doubao,FXI,0.9657982143475543,0.994876473857375,0.8503802233191791,0.9997362624670412
Cohere,Doubao,GM,0.969112233113511,0.9911303588800192,0.8699658467715319,0.9996046802512047
Cohere,Doubao,IFNNY,0.9853954225871284,0.9950765723784069,0.9552008998760864,0.9995558397521652
Cohere,Doubao,MBGYY,0.9691628452554639,0.9807886323461212,0.9263583228846248,0.997526718429974
Cohere,Doubao,SPX,0.993397705601405,0.9973744692667412,0.98080443840211,0.9987904085472932
Cohere,Doubao,T,0.9433679157980164,0.9667798437019126,0.8341370045767952,0.998194083483315
Cohere,GPT,0941.HK,0.9107255371891375,0.993667723771532,0.5935752742640257,0.9970201326492356
Cohere,GPT,1211.HK,0.8248764971533962,0.9805473104547876,0.2472586214635614,0.9999829782518876
Cohere,GPT,AMZN,0.9229721141131417,0.9936296726039066,0.6445887330191153,0.9998396681280606
Cohere,GPT,BABA,0.7788136119397205,0.9914749206179808,-0.0803743594159136,0.9999914244449848
Cohere,GPT,DTE.DE,0.8587733819469804,0.9794450443565514,0.4358678140912449,0.9998934559457276
Cohere,GPT,FXI,0.9913970174621982,0.9986232247482908,0.9639942299942902,0.9994290815405612
Cohere,GPT,GM,0.9050842175234294,0.999041900546214,0.6595005587526666,0.9997754584786126
Cohere,GPT,IFNNY,0.8756900069058228,0.996518423999835,0.4129995515344511,0.9998700862918248
Cohere,GPT,MBGYY,0.8994432849728003,0.991428715328163,0.5269908514937326,0.9994940687289388
Cohere,GPT,SPX,0.9863021881724314,0.9988585646713994,0.9393567101596108,0.9999827708149148
Cohere,GPT,T,0.8932878599703935,0.9970481704212812,0.7331961461220473,0.9995261191125436
Cohere,Gemini,0941.HK,0.9890933428784312,0.9906850802304612,0.974210333422708,0.99963345873584
Cohere,Gemini,1211.HK,0.9743741613672604,0.994878964737305,0.9019233608943552,0.9999829782518876
Cohere,Gemini,AMZN,0.9940191616710858,0.9997715762747958,0.9711059794702716,0.9999328521470804
Cohere,Gemini,BABA,0.9920605116339077,0.99516132874436,0.9810525010779784,0.9999914244449848
Cohere,Gemini,DTE.DE,0.9687570732395271,0.9923421735382516,0.8663403022597685,0.9998934559457276
Cohere,Gemini,FXI,0.9963581455603577,0.99889591121865,0.9864201892832062,0.9996848465655976
Cohere,Gemini,GM,0.9789348672887808,0.9995209631727398,0.896493011882542,0.9997754584786126
Cohere,Gemini,IFNNY,0.9952500219034656,0.9996035547911516,0.98057864857324,0.9998414513496054
Cohere,Gemini,MBGYY,0.994241280701595,0.99653441621061,0.9795163197807748,0.999878898901467
Cohere,Gemini,SPX,0.9972848642504457,0.9999232246567454,0.987381280691112,0.9999827708149148
Cohere,Gemini,T,0.982440453181991,0.9981700064366126,0.9177539328482772,0.9998953992752276
Cohere,Mistral,0941.HK,0.3144180174805107,0.7672252459487411,-0.7163088345505464,0.98658973954844
Cohere,Mistral,1211.HK,0.651748065233836,0.9715993516852724,0.0490421095869011,0.998189123822076
Cohere,Mistral,AMZN,0.8351626703043357,0.9854294917182782,0.2088560001175488,0.9987417946320224
Cohere,Mistral,BABA,0.2857036352875605,0.9658637352733408,-0.8241274170644786,0.9950285371506778
Cohere,Mistral,DTE.DE,0.35708153944834536,0.7745774225123525,-0.6331721930939225,0.973161846624971
Cohere,Mistral,FXI,0.2763584234807891,0.9756786240655312,-0.9504944797445856,0.993691611644926
Cohere,Mistral,GM,0.4418366660397055,0.7890184828417353,-0.9446472595431366,0.9977482007823488
Cohere,Mistral,IFNNY,0.5761214273251452,0.9609908624637052,-0.9813420644368964,0.9982169797382406
Cohere,Mistral,MBGYY,0.5668534011344153,0.934748789017287,-0.9592495558495876,0.9973413005538057
Cohere,Mistral,SPX,0.666763051059785,0.952593501689712,-0.4918693579159773,0.9999346200868252
Cohere,Mistral,T,0.7753072357323785,0.964216519354836,0.1174122002165419,0.9923783286953124
Cohere,Qwen,0941.HK,0.8378303752771654,0.9613443941969264,0.3849084009239708,0.9985482773398294
Cohere,Qwen,1211.HK,0.8331011860178549,0.9797450277965256,0.2906643258286893,0.9999790091289762
Cohere,Qwen,AMZN,0.5682002256575566,0.9715785522373166,-0.3296628066822601,0.9998178018824914
Cohere,Qwen,BABA,0.656823075709015,0.9841051348428989,-0.4460977230018717,0.9990813480364203
Cohere,Qwen,DTE.DE,0.9038396465507962,0.946927048322348,0.7562342261250482,0.9830097257121692
Cohere,Qwen,FXI,0.8643150409308105,0.8460787427020324,0.679963495590488,0.9996848465655976
Cohere,Qwen,GM,0.6701886660825113,0.9574456724071608,-0.4992338695626827,0.999425448312899
Cohere,Qwen,IFNNY,0.7940790931380206,0.98057864857324,0.0999653806325563,0.9995769201757616
Cohere,Qwen,MBGYY,0.7163164205078674,0.9795163197807748,-0.201202520051208,0.9998419304791072
Cohere,Qwen,SPX,0.3983430216205108,0.6765606261646568,-0.6484009751120355,0.9998332936026606
Cohere,Qwen,T,0.6941269044795495,0.9177539328482764,-0.2696688617370708,0.9996633039773166
Deepseek,Claude,0941.HK,0.4492801028330531,0.5696329149723756,0.004697830067667,0.8026721596949706
Deepseek,Claude,1211.HK,0.5293906022464565,0.6466516189615968,-0.3889392138150694,0.8950322771534369
Deepseek,Claude,AMZN,0.5731364721997314,0.6320950709047861,0.025510299573418,0.9467524995330026
Deepseek,Claude,BABA,0.5266470870863491,0.8241233365488226,-0.6592355906304515,0.9678107610230378
Deepseek,Claude,DTE.DE,0.22047730679908434,0.025043200886739,-0.6104842590042705,0.8903371154762485
Deepseek,Claude,FXI,0.5176200459582603,0.7885944280827576,-0.7024144784261815,0.9644116453556338
Deepseek,Claude,GM,0.388972626620543,0.6858254392642429,-0.5885262988522121,0.9954361741467754
Deepseek,Claude,IFNNY,0.5178340148775987,0.7874488022287177,-0.0814984600807716,0.9791760013057274
Deepseek,Claude,MBGYY,0.3909842653120424,0.7762570220241902,-0.6045640013018373,0.9581890568529235
Deepseek,Claude,SPX,0.5646537021929382,0.6663663658654161,-0.2255077936013288,0.9245939460041768
Deepseek,Claude,T,0.5247953161265465,0.5899187315149966,0.0518600931729603,0.8279278274351068
Deepseek,Cohere,0941.HK,0.9893858409577263,0.9938784203880048,0.973277796282778,0.9996445274908629
Deepseek,Cohere,1211.HK,0.9740697689075768,0.9947217656113312,0.9004336368038703,0.9999811136562096
Deepseek,Cohere,AMZN,0.9963303014906085,0.9997849656741198,0.9828083958053412,0.999868235828232
Deepseek,Cohere,BABA,0.992094330959828,0.9951588191511308,0.9813234539621768,0.9999897843412348
Deepseek,Cohere,DTE.DE,0.9631352361160432,0.9933555313533008,0.8350681592449207,0.9997299660194902
Deepseek,Cohere,FXI,0.9961958653402586,0.9992198488156312,0.9856835557586212,0.999396170468652
Deepseek,Cohere,GM,0.9805163304813579,0.9996555225531986,0.9040950284747846,0.9998754797994012
Deepseek,Cohere,IFNNY,0.9951924887888628,0.999558640480796,0.9805806756909196,0.9999210667318432
Deepseek,Cohere,MBGYY,0.9939083217554217,0.9970294658875786,0.9774272012166052,0.9997960172116752
Deepseek,Cohere,SPX,0.9974258270717578,0.9998889031724056,0.9880701468312212,0.999974017224596
Deepseek,Cohere,T,0.9844715399909996,0.9976200292599084,0.927886408827176,1.0
Deepseek,Doubao,0941.HK,0.9681375241323276,0.9865465865520788,0.8844639885164529,0.998397688292116
Deepseek,Doubao,1211.HK,0.9619487142637796,0.9952752115614488,0.8261350905073082,0.999929229975281
Deepseek,Doubao,AMZN,0.9830458224745131,0.995417621590857,0.93607968970931,0.9976392733592256
Deepseek,Doubao,BABA,0.9635978827864283,0.9986613473353658,0.8255198346619419,0.9994758013214028
Deepseek,Doubao,DTE.DE,0.9753138982236111,0.9791536611240564,0.9510679761309618,0.9942627179989932
Deepseek,Doubao,FXI,0.9471791521241524,0.9957666848952704,0.7507344872348023,0.9990076963763964
Deepseek,Doubao,GM,0.99172240381585,0.993530326740735,0.975080454631367,0.9996251817505496
Deepseek,Doubao,IFNNY,0.9897754897724136,0.992770524196278,0.9741176055739118,0.999959185238161
Deepseek,Doubao,MBGYY,0.9771190923898139,0.9919364558103853,0.921552810057538,0.999217466169662
Deepseek,Doubao,SPX,0.9934952645268001,0.9980532793788868,0.9747442991827648,0.9985123358778528
Deepseek,Doubao,T,0.9524276142307097,0.9788703207897392,0.8187262321109172,1.0
Deepseek,GPT,0941.HK,0.9436513872342129,0.9973033699470348,0.7260868216259384,0.9994938367080596
Deepseek,GPT,1211.HK,0.8306829639231669,0.9999329565233256,0.1536221804612186,0.9999998267874184
Deepseek,GPT,AMZN,0.9245375522453558,0.9944450734138032,0.6539350173228362,0.999998541307702
Deepseek,GPT,BABA,0.7739408480455052,0.9995671674170468,-0.1292623255714813,0.999999865551532
Deepseek,GPT,DTE.DE,0.8817050223482905,0.9904434667711046,0.4604697429179659,0.9998330349284512
Deepseek,GPT,FXI,0.9910367571653961,0.9973676833225902,0.9723119165809958,0.9999959058214908
Deepseek,GPT,GM,0.9218530129472526,0.9974439633524586,0.6505502100923167,0.9999978319350882
Deepseek,GPT,IFNNY,0.8824128733126049,0.9999311089274496,0.4140129021108921,0.9999892051166436
Deepseek,GPT,MBGYY,0.9013248904358895,0.9981155251693048,0.5121152376250444,0.9999882229257042
Deepseek,GPT,SPX,0.9870724626253484,0.9993449185650156,0.9368781778519522,0.9999997516420294
Deepseek,GPT,T,0.9395066804780937,0.992904234694466,0.7730777967592865,0.999989030012937
Deepseek,Gemini,0941.HK,0.9994047027815476,0.9998815154500303,0.99765180721335,0.9999984116223934
Deepseek,Gemini,1211.HK,0.9999977391931181,0.9999993688907876,0.9999908101851416,0.999999901477204
Deepseek,Gemini,AMZN,0.9960709048810068,0.9999952304112288,0.9804055496716796,0.9999995052576618
Deepseek,Gemini,BABA,0.9999984604069345,0.9999980990020616,0.9999973174434936,0.999999865551532
Deepseek,Gemini,DTE.DE,0.9990508286959979,0.9996075214371524,0.9972003145365324,0.9998330349284512
Deepseek,Gemini,FXI,0.9998778891107325,0.9999674764860156,0.9995645623548228,0.9999959058214908
Deepseek,Gemini,GM,0.9977519716298454,0.9999889236894368,0.9890227834909276,0.9999978319350882
Deepseek,Gemini,IFNNY,0.9997302142756699,0.9999673503932726,0.9987369012964488,0.999997691372924
Deepseek,Gemini,MBGYY,0.9991380157111471,0.9997369261848472,0.99787746927921,0.9999882229257042
Deepseek,Gemini,SPX,0.9999930235340205,0.9999958747432688,0.9999833062519714,0.9999997516420294
Deepseek,Gemini,T,0.9995890302004492,0.9999140352399192,0.9981834068379132,0.999989030012937
Deepseek,Mistral,0941.HK,0.31285721754005025,0.6553730486303226,-0.665355514125544,0.9867796450629346
Deepseek,Mistral,1211.HK,0.6035916968327332,0.9949400081417152,-0.2553940187418512,0.998338410675744
Deepseek,Mistral,AMZN,0.8328520187051416,0.9874866545551688,0.1931812703872698,0.9993994447865462
Deepseek,Mistral,BABA,0.31741911565452857,0.9922150364196484,-0.8297160813496622,0.9992820916255608
Deepseek,Mistral,DTE.DE,0.42345158580149295,0.8233063374811654,-0.5621041855695089,0.9742851571335652
Deepseek,Mistral,FXI,0.2998748690437343,0.979252017775343,-0.9483117686448956,0.9949809866657712
Deepseek,Mistral,GM,0.48199634805005404,0.9752489779389776,-0.9381614451666932,0.9979739444766518
Deepseek,Mistral,IFNNY,0.5791282166110927,0.9658026208673904,-0.983505833769666,0.9988436945106358
Deepseek,Mistral,MBGYY,0.5715009541906687,0.9304805992881668,-0.9528911921706352,0.9990992564070548
Deepseek,Mistral,SPX,0.6649040929967572,0.9568396875517114,-0.5001051469463633,0.999990699334431
Deepseek,Mistral,T,0.7581384746832309,0.8406114013808852,0.1542648829637549,0.9950394567928832
Deepseek,Qwen,0941.HK,0.8102863482340418,0.9939824987927494,0.2073750584278712,0.9990720617847114
Deepseek,Qwen,1211.HK,0.8462640331331326,0.9999864289857604,0.2314303548209978,0.9999993688907876
Deepseek,Qwen,AMZN,0.5653349743255764,0.9806660241607936,-0.3217867995016058,0.9999567009123584
Deepseek,Qwen,BABA,0.6497848064299125,0.9999272380685832,-0.4470578513435602,0.9999958060156908
Deepseek,Qwen,DTE.DE,0.9430603085756107,0.9881928757626324,0.7999955960047863,0.9972003145365324
Deepseek,Qwen,FXI,0.865686925549447,0.8445671726917661,0.7027112220342754,0.999951491447536
Deepseek,Qwen,GM,0.6928358220345984,0.9886515270766312,-0.4827925583316429,0.9997882687582804
Deepseek,Qwen,IFNNY,0.7932463859554167,0.9920091815464358,0.0727251777825502,0.9994938950552
Deepseek,Qwen,MBGYY,0.7270729438144073,0.9707090725285262,-0.1755136893937058,0.9999287667189872
Deepseek,Qwen,SPX,0.39736358096456886,0.6573025180589827,-0.6482257947779724,0.9999833062519714
Deepseek,Qwen,T,0.7116833994366558,0.9981834068379132,-0.2732814487287544,0.9999632133632208
Doubao,Claude,0941.HK,0.4757975948113213,0.5426718793260323,0.0517145726353463,0.8642043530358113
Doubao,Claude,1211.HK,0.6625683599896213,0.7059783137384305,0.1892250653482822,0.9042746531373084
Doubao,Claude,AMZN,0.6506587110004485,0.6954775730549094,0.0913626022893249,0.9605396396685
Doubao,Claude,BABA,0.5584438898390676,0.8349767948457809,-0.561537809656763,0.9694589468504016
Doubao,Claude,DTE.DE,0.24866815064354902,0.2394303067124748,-0.784429001960037,0.9311097717293776
Doubao,Claude,FXI,0.5600881156227531,0.8052715426105994,-0.5483608065328135,0.9594295306381156
Doubao,Claude,GM,0.39038997875245063,0.7770575100813775,-0.5615638529406729,0.9934032585368576
Doubao,Claude,IFNNY,0.5196012084459303,0.863745315680579,-0.0660485587432159,0.9775149443206492
Doubao,Claude,MBGYY,0.35929579395015054,0.700161899451126,-0.6102792376799514,0.9761727611404802
Doubao,Claude,SPX,0.579382114633781,0.6268858539134412,-0.1619081161489938,0.9434227745073668
Doubao,Claude,T,0.4866953972971079,0.626680139284961,-0.0710590893673813,0.8279278274351068
Doubao,Cohere,0941.HK,0.952177351002133,0.9710201069499084,0.8631070856732629,0.996122868390376
Doubao,Cohere,1211.HK,0.9580865202735499,0.9880844680315004,0.874164594838669,0.9999119239398884
Doubao,Cohere,AMZN,0.9818446764886147,0.9947563541456298,0.9418050365002472,0.9968459902053364
Doubao,Cohere,BABA,0.9777466181332685,0.9950909016378376,0.9183569067832388,0.998943151300428
Doubao,Cohere,DTE.DE,0.9582453168352154,0.9698170753969944,0.8869900569688031,0.9880213128637548
Doubao,Cohere,FXI,0.9657982143475543,0.994876473857375,0.8503802233191791,0.9997362624670412
Doubao,Cohere,GM,0.969112233113511,0.9911303588800192,0.869965846771532,0.9996046802512047
Doubao,Cohere,IFNNY,0.9853954225871284,0.9950765723784066,0.9552008998760864,0.9995558397521652
Doubao,Cohere,MBGYY,0.9691628452554639,0.9807886323461212,0.9263583228846248,0.997526718429974
Doubao,Cohere,SPX,0.9933977056014051,0.9973744692667416,0.9808044384021102,0.9987904085472932
Doubao,Cohere,T,0.9433679157980164,0.9667798437019126,0.8341370045767953,0.998194083483315
Doubao,Deepseek,0941.HK,0.9681375241323276,0.9865465865520788,0.8844639885164529,0.998397688292116
Doubao,Deepseek,1211.HK,0.9619487142637796,0.9952752115614488,0.8261350905073083,0.9999292299752812
Doubao,Deepseek,AMZN,0.9830458224745131,0.995417621590857,0.93607968970931,0.9976392733592256
Doubao,Deepseek,BABA,0.9635978827864286,0.9986613473353658,0.825519834661942,0.9994758013214028
Doubao,Deepseek,DTE.DE,0.9753138982236109,0.9791536611240564,0.9510679761309616,0.994262717998993
Doubao,Deepseek,FXI,0.9471791521241524,0.9957666848952704,0.7507344872348022,0.9990076963763962
Doubao,Deepseek,GM,0.99172240381585,0.9935303267407348,0.9750804546313672,0.9996251817505496
Doubao,Deepseek,IFNNY,0.9897754897724136,0.992770524196278,0.9741176055739118,0.9999591852381612
Doubao,Deepseek,MBGYY,0.9771190923898139,0.9919364558103853,0.921552810057538,0.999217466169662
Doubao,Deepseek,SPX,0.9934952645268001,0.998053279378887,0.9747442991827648,0.9985123358778528
Doubao,Deepseek,T,0.9524276142307097,0.9788703207897392,0.8187262321109172,1.0
Doubao,GPT,0941.HK,0.9199869600156274,0.9733758142777098,0.762060873688714,0.9913980655651868
Doubao,GPT,1211.HK,0.9240078098581954,0.9965228546298192,0.6346487233281755,0.9999252361570397
Doubao,GPT,AMZN,0.9356716591377305,0.996967053410514,0.6865041188883803,0.9998520043723028
Doubao,GPT,BABA,0.8119448323481808,0.9978970019605494,0.0691914054717037,0.9986372721365095
Doubao,GPT,DTE.DE,0.8645951079290553,0.9815086285322152,0.4183417031086004,0.9949801347389312
Doubao,GPT,FXI,0.95820489682089,0.9951598597224895,0.8276816456476548,0.9989886256844832
Doubao,GPT,GM,0.9084200864274002,0.9981149841863164,0.5636176902803369,0.9986363114010122
Doubao,GPT,IFNNY,0.8761817199426204,0.9934558674214184,0.4083582055808851,0.9999811808845576
Doubao,GPT,MBGYY,0.9250730556210401,0.9867107469226744,0.6677573719480105,0.9990530423261949
Doubao,GPT,SPX,0.9819010593601296,0.9980683919478176,0.9425976117225052,0.9992373706069309
Doubao,GPT,T,0.9167126309522704,0.9591002197934396,0.7056474110062432,0.9975686505733944
Doubao,Gemini,0941.HK,0.9718261418421779,0.9890135301132836,0.9011271137791652,0.9980830855438196
Doubao,Gemini,1211.HK,0.9619588344232864,0.995290341817336,0.8260906878074544,0.9999252361570397
Doubao,Gemini,AMZN,0.9845523150819384,0.996967053410514,0.9360359654016276,0.9977030042461452
Doubao,Gemini,BABA,0.9634197452196391,0.998674987756266,0.8247001952900139,0.9994581498327316
Doubao,Gemini,DTE.DE,0.9795673021839011,0.9815086285322152,0.9591739145367048,0.998946851621512
Doubao,Gemini,FXI,0.9481641339403633,0.9958450987917488,0.7533280228227108,0.9989886256844832
Doubao,Gemini,GM,0.9954146417096572,0.9942351240192216,0.991868389387094,0.998782117236477
Doubao,Gemini,IFNNY,0.991832580701784,0.9929073762581512,0.9833239344445152,0.9999811808845576
Doubao,Gemini,MBGYY,0.9783514280080162,0.9879574778790824,0.929427683004796,0.9990530423261949
Doubao,Gemini,SPX,0.9933650740551165,0.9980683919478176,0.9743506007599104,0.9985901198956164
Doubao,Gemini,T,0.9503672452997017,0.9804357367380884,0.8123809761912726,0.9981834068379132
Doubao,Mistral,0941.HK,0.2690166000171442,0.6698068683833158,-0.639094853451599,0.976646375861685
Doubao,Mistral,1211.HK,0.553704464368581,0.982182899894238,-0.1141398899003914,0.9987135270290224
Doubao,Mistral,AMZN,0.7988198087512245,0.9955242023372785,0.019274775191561,0.9989149657447915
Doubao,Mistral,BABA,0.24661066389640451,0.9846151108336187,-0.9047594517663818,0.9989009772965765
Doubao,Mistral,DTE.DE,0.3889082335095845,0.8900082625565956,-0.7686758592391199,0.9254833864884532
Doubao,Mistral,FXI,0.22468200825133397,0.9694792161924124,-0.9383386548066928,0.9942888092554713
Doubao,Mistral,GM,0.47918847161837397,0.9624711939158372,-0.8952882894236468,0.9966928470126742
Doubao,Mistral,IFNNY,0.5820677906521898,0.96609893339971,-0.9594798091494976,0.9992829565847968
Doubao,Mistral,MBGYY,0.5873663550508688,0.9860535129647282,-0.9168124493631712,0.9999254235230256
Doubao,Mistral,SPX,0.6681838735777813,0.9531146953391116,-0.4590931546068378,0.9982220660888552
Doubao,Mistral,T,0.609613905388866,0.840611401380885,-0.4376320187537818,0.987454954584296
Doubao,Qwen,0941.HK,0.7994032460234506,0.9011271137791662,0.2072382055189959,0.9985887222121071
Doubao,Qwen,1211.HK,0.9186977123465819,0.995290341817336,0.6094705250948724,0.999887099022092
Doubao,Qwen,AMZN,0.6207947056173044,0.9962463465556954,-0.3170341457162403,0.997503061402334
Doubao,Qwen,BABA,0.6649806769141358,0.9986805731353252,-0.42701535619201,0.9990288460243424
Doubao,Qwen,DTE.DE,0.8992046131318823,0.9680783421521612,0.6229888316614831,0.998946851621512
Doubao,Qwen,FXI,0.8104840364744579,0.8210568313065901,0.4303659664390749,0.997499062680384
Doubao,Qwen,GM,0.710683335310532,0.9928086852133956,-0.3918006082738715,0.999100723020782
Doubao,Qwen,IFNNY,0.781742390953024,0.9805736041922436,0.0847797167858307,0.9917990398228962
Doubao,Qwen,MBGYY,0.6916545403550054,0.9218895928232456,-0.1598378853450611,0.9879574778790824
Doubao,Qwen,SPX,0.3897923236783271,0.6772407297323224,-0.6638557207555611,0.9984305548834546
Doubao,Qwen,T,0.7211451200354337,0.969750328867574,-0.2772709962413123,0.9981834068379128
GPT,Claude,0941.HK,0.5701602493952767,0.6142356286921214,0.2432634674301205,0.8134103888760151
GPT,Claude,1211.HK,0.7727008012369998,0.822914840109187,0.621071727734752,0.8973755160587747
GPT,Claude,AMZN,0.6580512083753763,0.7663815519227276,0.0252219758873028,0.9480886968793872
GPT,Claude,BABA,0.809812136611121,0.8169396308878402,0.6463685254506766,0.974277795803189
GPT,Claude,DTE.DE,0.2308365389594643,0.0165813236007001,-0.4705741368489179,0.906053395159854
GPT,Claude,FXI,0.5180434209971472,0.7885292989787953,-0.765063939487285,0.9554179200428036
GPT,Claude,GM,0.4174106523452295,0.7855551889733113,-0.5898306569867751,0.997386072082777
GPT,Claude,IFNNY,0.34984562077993003,0.814338488069503,-0.8785412201634486,0.9785628970874976
GPT,Claude,MBGYY,0.2414303371323018,0.7724486997605675,-0.8273781111702656,0.939390054579599
GPT,Claude,SPX,0.5745549714792657,0.6450230911400213,-0.1549281252800881,0.9245754317787472
GPT,Claude,T,0.6131342275243069,0.622672991253143,0.2758118714539411,0.7912670323761641
GPT,Cohere,0941.HK,0.9107255371891375,0.993667723771532,0.5935752742640256,0.9970201326492356
GPT,Cohere,1211.HK,0.8248764971533962,0.9805473104547878,0.2472586214635613,0.9999829782518878
GPT,Cohere,AMZN,0.9229721141131417,0.9936296726039066,0.6445887330191153,0.9998396681280604
GPT,Cohere,BABA,0.7788136119397207,0.9914749206179808,-0.0803743594159136,0.9999914244449848
GPT,Cohere,DTE.DE,0.8587733819469804,0.9794450443565514,0.4358678140912449,0.9998934559457276
GPT,Cohere,FXI,0.9913970174621982,0.9986232247482908,0.96399422999429,0.9994290815405612
GPT,Cohere,GM,0.9050842175234296,0.9990419005462142,0.6595005587526666,0.9997754584786128
GPT,Cohere,IFNNY,0.8756900069058228,0.9965184239998351,0.412999551534451,0.9998700862918248
GPT,Cohere,MBGYY,0.8994432849728003,0.9914287153281628,0.5269908514937326,0.9994940687289388
GPT,Cohere,SPX,0.9863021881724314,0.9988585646713994,0.9393567101596108,0.9999827708149148
GPT,Cohere,T,0.8932878599703933,0.997048170421281,0.7331961461220471,0.9995261191125434
GPT,Deepseek,0941.HK,0.9436513872342127,0.9973033699470348,0.7260868216259383,0.9994938367080596
GPT,Deepseek,1211.HK,0.8306829639231669,0.9999329565233256,0.1536221804612186,0.999999826787418
GPT,Deepseek,AMZN,0.9245375522453558,0.9944450734138032,0.6539350173228362,0.999998541307702
GPT,Deepseek,BABA,0.7739408480455052,0.9995671674170468,-0.1292623255714812,0.999999865551532
GPT,Deepseek,DTE.DE,0.8817050223482905,0.9904434667711048,0.4604697429179659,0.9998330349284512
GPT,Deepseek,FXI,0.9910367571653961,0.9973676833225902,0.9723119165809958,0.9999959058214908
GPT,Deepseek,GM,0.9218530129472526,0.9974439633524588,0.6505502100923167,0.999997831935088
GPT,Deepseek,IFNNY,0.8824128733126051,0.99993110892745,0.4140129021108922,0.9999892051166436
GPT,Deepseek,MBGYY,0.9013248904358895,0.9981155251693048,0.5121152376250445,0.9999882229257042
GPT,Deepseek,SPX,0.9870724626253485,0.9993449185650156,0.9368781778519522,0.9999997516420294
GPT,Deepseek,T,0.9395066804780938,0.992904234694466,0.7730777967592866,0.999989030012937
GPT,Doubao,0941.HK,0.9199869600156274,0.9733758142777098,0.762060873688714,0.9913980655651868
GPT,Doubao,1211.HK,0.9240078098581955,0.996522854629819,0.6346487233281756,0.9999252361570397
GPT,Doubao,AMZN,0.9356716591377305,0.996967053410514,0.6865041188883803,0.9998520043723028
GPT,Doubao,BABA,0.8119448323481808,0.9978970019605494,0.0691914054717037,0.9986372721365094
GPT,Doubao,DTE.DE,0.8645951079290553,0.981508628532215,0.4183417031086005,0.9949801347389312
GPT,Doubao,FXI,0.95820489682089,0.9951598597224895,0.8276816456476548,0.9989886256844832
GPT,Doubao,GM,0.9084200864274002,0.9981149841863164,0.5636176902803369,0.998636311401012
GPT,Doubao,IFNNY,0.8761817199426204,0.9934558674214184,0.4083582055808851,0.9999811808845576
GPT,Doubao,MBGYY,0.9250730556210401,0.9867107469226744,0.6677573719480105,0.999053042326195
GPT,Doubao,SPX,0.9819010593601296,0.9980683919478176,0.9425976117225052,0.9992373706069309
GPT,Doubao,T,0.9167126309522704,0.9591002197934398,0.7056474110062432,0.9975686505733944
GPT,Gemini,0941.HK,0.9425293773710933,0.9972461002448229,0.7210243961832086,1.0
GPT,Gemini,1211.HK,0.8306475907616215,0.999923759636074,0.1534421742637062,1.0
GPT,Gemini,AMZN,0.9285114326851106,0.995760426811892,0.653510731091526,1.0
GPT,Gemini,BABA,0.7736631779680715,0.9996135718735126,-0.1306824744561964,1.0
GPT,Gemini,DTE.DE,0.8821622154022608,0.9907150741548024,0.4598552668865385,1.0
GPT,Gemini,FXI,0.9912189504672467,0.998854879421916,0.970680641926609,1.0
GPT,Gemini,GM,0.9274860761748105,0.9974867265392816,0.6509911821990926,0.9999999999999998
GPT,Gemini,IFNNY,0.8810725712555934,0.9999184277905976,0.4070021781022473,0.9999999999999998
GPT,Gemini,MBGYY,0.9040457129847201,0.999628484987764,0.5217589622009192,1.0
GPT,Gemini,SPX,0.9870691938642346,0.999365076992281,0.9370361617410434,1.0
GPT,Gemini,T,0.9413081224775134,0.9937394142642164,0.7703284565479018,1.0
GPT,Mistral,0941.HK,0.4030638519353086,0.6494980119986913,-0.369785434054399,0.9838964867815012
GPT,Mistral,1211.HK,0.5075163207208822,0.9932119063951824,-0.2515579448552597,0.9983051757143728
GPT,Mistral,AMZN,0.7803509963790203,0.991493451552488,-0.0718141445449297,0.999374589011366
GPT,Mistral,BABA,0.3553863183471825,0.9922464155462551,-0.8311099239869971,0.9981798804660956
GPT,Mistral,DTE.DE,0.2618804848971314,0.0908126081153338,-0.6108575433171942,0.9715841799139454
GPT,Mistral,FXI,0.2926488666936158,0.9803104082816988,-0.9472781588424788,0.9947549523135836
GPT,Mistral,GM,0.5012934813429657,0.9469070461299892,-0.831909039130361,0.9979539351501148
GPT,Mistral,IFNNY,0.4795474779965197,0.918001911557046,-0.9836706749865826,0.9990118085671856
GPT,Mistral,MBGYY,0.5051682199793591,0.9049663593897566,-0.9450318273941786,0.9988952858981172
GPT,Mistral,SPX,0.6430984638428671,0.8928817546559419,-0.4823258026734328,0.9999912900464256
GPT,Mistral,T,0.6898951406082052,0.8548701650632325,0.0446654144190136,0.9954504756139664
GPT,Qwen,0941.HK,0.7727097236757411,0.884931715302791,0.2272794071513963,0.9979558131432246
GPT,Qwen,1211.HK,0.9142343616124509,0.9998809711246855,0.5714595875875936,0.9999908432004264
GPT,Qwen,AMZN,0.5182942688626941,0.995333427819472,-0.3233166283629468,0.9997054710501804
GPT,Qwen,BABA,0.41450543810425433,0.9996072093191476,-0.4796261158519048,0.9999918353172416
GPT,Qwen,DTE.DE,0.7920131493932281,0.9442121707943434,0.3818853015315661,0.9907150741548014
GPT,Qwen,FXI,0.8634598156831734,0.8404083356828226,0.7246628571852495,0.998854879421916
GPT,Qwen,GM,0.6215170818133391,0.9895950605259196,-0.8348433359683112,0.9986211092989964
GPT,Qwen,IFNNY,0.6706864361241915,0.9038420851297626,0.0731878368936961,0.9984422503851222
GPT,Qwen,MBGYY,0.6356717082248694,0.8538037359343125,-0.1753667115702704,0.999628484987764
GPT,Qwen,SPX,0.3873861450486942,0.6643963456847415,-0.6478282143673935,0.9989447305878492
GPT,Qwen,T,0.704237616651893,0.9428201848801814,-0.2761153279382775,0.9985166408608008
Gemini,Claude,0941.HK,0.4575375329507919,0.5686752846430463,0.0039006041600989,0.8415912887723326
Gemini,Claude,1211.HK,0.5290464267317433,0.6467944796805027,-0.3890658319173655,0.8943772444081137
Gemini,Claude,AMZN,0.5809856649995564,0.6249255342767734,0.0252219758873028,0.947043028149564
Gemini,Claude,BABA,0.5262830416621934,0.8232742584117434,-0.6596506938803708,0.9681236501219048
Gemini,Claude,DTE.DE,0.23142067907211547,0.0450065265551524,-0.6131935897440763,0.9183301956886348
Gemini,Claude,FXI,0.5167705813597928,0.7885292989787953,-0.706049908394689,0.964506660787416
Gemini,Claude,GM,0.3968150603924329,0.7286597932209169,-0.5898306569867751,0.9966464659759332
Gemini,Claude,IFNNY,0.5234391479753712,0.8068502275403695,-0.0779666294999053,0.9785628970874976
Gemini,Claude,MBGYY,0.38132741540103976,0.773271684771547,-0.6061906931844044,0.9381408182159868
Gemini,Claude,SPX,0.5644703465631662,0.6665421429442026,-0.2294942303989832,0.9245754317787472
Gemini,Claude,T,0.5172609380043351,0.5876328906815211,0.0516236699792641,0.8016880504780179
Gemini,Cohere,0941.HK,0.9890933428784312,0.9906850802304612,0.974210333422708,0.99963345873584
Gemini,Cohere,1211.HK,0.9743741613672604,0.9948789647373047,0.9019233608943552,0.9999829782518878
Gemini,Cohere,AMZN,0.9940191616710857,0.9997715762747958,0.9711059794702716,0.9999328521470804
Gemini,Cohere,BABA,0.9920605116339077,0.99516132874436,0.9810525010779784,0.9999914244449848
Gemini,Cohere,DTE.DE,0.9687570732395271,0.9923421735382516,0.8663403022597685,0.9998934559457276
Gemini,Cohere,FXI,0.9963581455603577,0.9988959112186502,0.986420189283206,0.999684846565598
Gemini,Cohere,GM,0.9789348672887808,0.99952096317274,0.8964930118825419,0.9997754584786128
Gemini,Cohere,IFNNY,0.9952500219034656,0.9996035547911516,0.98057864857324,0.9998414513496054
Gemini,Cohere,MBGYY,0.9942412807015948,0.9965344162106098,0.9795163197807748,0.9998788989014668
Gemini,Cohere,SPX,0.9972848642504459,0.9999232246567454,0.9873812806911122,0.9999827708149148
Gemini,Cohere,T,0.9824404531819912,0.9981700064366128,0.9177539328482776,0.9998953992752276
Gemini,Deepseek,0941.HK,0.9994047027815475,0.99988151545003,0.99765180721335,0.9999984116223934
Gemini,Deepseek,1211.HK,0.9999977391931181,0.9999993688907876,0.9999908101851418,0.999999901477204
Gemini,Deepseek,AMZN,0.9960709048810068,0.9999952304112288,0.9804055496716796,0.9999995052576618
Gemini,Deepseek,BABA,0.9999984604069345,0.9999980990020616,0.9999973174434936,0.999999865551532
Gemini,Deepseek,DTE.DE,0.9990508286959979,0.9996075214371524,0.9972003145365322,0.9998330349284512
Gemini,Deepseek,FXI,0.9998778891107325,0.9999674764860156,0.9995645623548228,0.9999959058214908
Gemini,Deepseek,GM,0.9977519716298454,0.999988923689437,0.9890227834909276,0.999997831935088
Gemini,Deepseek,IFNNY,0.9997302142756699,0.9999673503932728,0.9987369012964488,0.999997691372924
Gemini,Deepseek,MBGYY,0.9991380157111471,0.9997369261848472,0.9978774692792096,0.9999882229257042
Gemini,Deepseek,SPX,0.9999930235340205,0.9999958747432686,0.9999833062519714,0.9999997516420294
Gemini,Deepseek,T,0.9995890302004492,0.9999140352399194,0.9981834068379132,0.999989030012937
Gemini,Doubao,0941.HK,0.9718261418421779,0.9890135301132836,0.9011271137791655,0.9980830855438196
Gemini,Doubao,1211.HK,0.9619588344232864,0.9952903418173358,0.8260906878074543,0.9999252361570397
Gemini,Doubao,AMZN,0.9845523150819384,0.996967053410514,0.9360359654016276,0.9977030042461452
Gemini,Doubao,BABA,0.9634197452196389,0.9986749877562658,0.8247001952900139,0.9994581498327316
Gemini,Doubao,DTE.DE,0.9795673021839011,0.981508628532215,0.9591739145367048,0.9989468516215124
Gemini,Doubao,FXI,0.9481641339403633,0.9958450987917488,0.7533280228227108,0.9989886256844832
Gemini,Doubao,GM,0.9954146417096572,0.9942351240192216,0.991868389387094,0.9987821172364768
Gemini,Doubao,IFNNY,0.9918325807017838,0.9929073762581508,0.9833239344445152,0.9999811808845576
Gemini,Doubao,MBGYY,0.9783514280080163,0.9879574778790824,0.9294276830047964,0.999053042326195
Gemini,Doubao,SPX,0.9933650740551165,0.9980683919478176,0.9743506007599104,0.9985901198956164
Gemini,Doubao,T,0.9503672452997016,0.980435736738088,0.8123809761912726,0.9981834068379132
Gemini,GPT,0941.HK,0.9425293773710933,0.9972461002448226,0.7210243961832085,1.0
Gemini,GPT,1211.HK,0.8306475907616215,0.9999237596360736,0.1534421742637061,1.0
Gemini,GPT,AMZN,0.9285114326851106,0.995760426811892,0.653510731091526,1.0
Gemini,GPT,BABA,0.7736631779680716,0.9996135718735129,-0.1306824744561963,1.0
Gemini,GPT,DTE.DE,0.8821622154022608,0.9907150741548024,0.4598552668865385,1.0
Gemini,GPT,FXI,0.9912189504672467,0.998854879421916,0.9706806419266092,1.0
Gemini,GPT,GM,0.9274860761748105,0.9974867265392816,0.6509911821990927,0.9999999999999998
Gemini,GPT,IFNNY,0.8810725712555932,0.9999184277905973,0.4070021781022473,0.9999999999999998
Gemini,GPT,MBGYY,0.9040457129847201,0.999628484987764,0.5217589622009192,1.0
Gemini,GPT,SPX,0.9870691938642349,0.999365076992281,0.9370361617410434,1.0
Gemini,GPT,T,0.9413081224775134,0.9937394142642164,0.7703284565479018,1.0
Gemini,Mistral,0941.HK,0.31173740170172043,0.6494980119986913,-0.6669010070734055,0.987008470776746
Gemini,Mistral,1211.HK,0.6036019578182751,0.9948642359043108,-0.2550205054311144,0.9983051757143728
Gemini,Mistral,AMZN,0.834977636731273,0.9962044005588632,0.1959073817880088,0.999374589011366
Gemini,Mistral,BABA,0.3175051319920464,0.9921232397268168,-0.8303814074401191,0.9993359516974198
Gemini,Mistral,DTE.DE,0.42832913603920203,0.843832585930163,-0.581060882830624,0.9715841799139454
Gemini,Mistral,FXI,0.2992631489630017,0.9783627651422628,-0.9472781588424788,0.9947549523135836
Gemini,Mistral,GM,0.48429233044305076,0.9688041491147148,-0.9376367251808796,0.9979539351501148
Gemini,Mistral,IFNNY,0.5786074810891719,0.9652695705955008,-0.9831355662909008,0.9990118085671856
Gemini,Mistral,MBGYY,0.5757393575049946,0.938476604339712,-0.950942580646617,0.9988952858981172
Gemini,Mistral,SPX,0.6642505343540073,0.9562387222846565,-0.5002652481214788,0.9999912900464256
Gemini,Mistral,T,0.7570129692173954,0.843298077424879,0.1653166558950992,0.9954504756139664
Gemini,Qwen,0941.HK,0.8145035940610994,0.9935914664337177,0.2272794071513963,1.0
Gemini,Qwen,1211.HK,0.8463035409760178,0.9999861671326032,0.231644841115188,1.0
Gemini,Qwen,AMZN,0.5691366656784671,0.9998542092694092,-0.3233166283629468,0.9999979525128072
Gemini,Qwen,BABA,0.6496653092952135,0.9999284375519868,-0.447161847826851,0.9999949890256968
Gemini,Qwen,DTE.DE,0.9423219508603143,0.9876421430149068,0.7853465767601722,1.0
Gemini,Qwen,FXI,0.8654524844184269,0.8404083356828226,0.7056272450856659,0.9999999999999998
Gemini,Qwen,GM,0.6953823201139114,0.99973317788927,-0.4811626444353782,0.999980937893248
Gemini,Qwen,IFNNY,0.7933084803355561,0.9912126753233432,0.0731878368936961,1.0
Gemini,Qwen,MBGYY,0.7291583675941504,0.9798105427676564,-0.1753667115702704,1.0
Gemini,Qwen,SPX,0.3970187734266052,0.656877402259223,-0.6478282143673935,1.0
Gemini,Qwen,T,0.7105902553359333,0.999285956626898,-0.2761153279382775,1.0
Mistral,Claude,0941.HK,0.21245353577041462,0.1928413729146077,-0.8167641174942234,0.9053406253975116
Mistral,Claude,1211.HK,0.44726587200163637,0.6344589403433605,-0.5159447166126984,0.8961764912081099
Mistral,Claude,AMZN,0.37232095156424555,0.6703901892911929,-0.6088604865671238,0.9536380316885028
Mistral,Claude,BABA,0.42170529062591644,0.5804546226695243,-0.4627652610641249,0.9675774923121496
Mistral,Claude,DTE.DE,0.2609190609267142,0.5957638265632353,-0.5882211550621718,0.862017332117843
Mistral,Claude,FXI,0.42120010322091705,0.7822093551042111,-0.5241942846968746,0.8988517437028247
Mistral,Claude,GM,-0.0339160684551123,0.0532833767806102,-0.8711843970272675,0.7885963817403894
Mistral,Claude,IFNNY,0.09572374163067317,-0.0644472829845302,-0.9685927069596616,0.84900314956279
Mistral,Claude,MBGYY,0.027849003724812714,-0.0939996239962791,-0.9206028784916986,0.8902461147402867
Mistral,Claude,SPX,0.16400667430982735,0.4043286023166782,-0.9308240246351566,0.9258651114552486
Mistral,Claude,T,0.5486552845002208,0.6161286427212449,0.2768387250849576,0.7363717382270731
Mistral,Cohere,0941.HK,0.3144180174805107,0.7672252459487412,-0.7163088345505464,0.98658973954844
Mistral,Cohere,1211.HK,0.6517480652338359,0.9715993516852724,0.0490421095869011,0.9981891238220758
Mistral,Cohere,AMZN,0.8351626703043357,0.9854294917182782,0.2088560001175488,0.9987417946320224
Mistral,Cohere,BABA,0.28570363528756043,0.9658637352733408,-0.8241274170644786,0.9950285371506776
Mistral,Cohere,DTE.DE,0.3570815394483454,0.7745774225123527,-0.6331721930939225,0.973161846624971
Mistral,Cohere,FXI,0.2763584234807892,0.9756786240655312,-0.9504944797445852,0.993691611644926
Mistral,Cohere,GM,0.4418366660397055,0.7890184828417353,-0.9446472595431366,0.9977482007823488
Mistral,Cohere,IFNNY,0.5761214273251452,0.9609908624637052,-0.9813420644368964,0.9982169797382406
Mistral,Cohere,MBGYY,0.5668534011344153,0.934748789017287,-0.9592495558495876,0.9973413005538057
Mistral,Cohere,SPX,0.666763051059785,0.952593501689712,-0.4918693579159774,0.9999346200868252
Mistral,Cohere,T,0.7753072357323785,0.964216519354836,0.1174122002165418,0.992378328695312
Mistral,Deepseek,0941.HK,0.31285721754005025,0.6553730486303226,-0.665355514125544,0.9867796450629346
Mistral,Deepseek,1211.HK,0.6035916968327332,0.994940008141715,-0.2553940187418513,0.998338410675744
Mistral,Deepseek,AMZN,0.8328520187051416,0.9874866545551688,0.1931812703872698,0.9993994447865462
Mistral,Deepseek,BABA,0.31741911565452857,0.9922150364196484,-0.8297160813496622,0.9992820916255608
Mistral,Deepseek,DTE.DE,0.42345158580149295,0.8233063374811654,-0.5621041855695089,0.9742851571335652
Mistral,Deepseek,FXI,0.2998748690437343,0.979252017775343,-0.9483117686448956,0.9949809866657712
Mistral,Deepseek,GM,0.48199634805005404,0.9752489779389776,-0.9381614451666934,0.9979739444766518
Mistral,Deepseek,IFNNY,0.5791282166110927,0.9658026208673904,-0.983505833769666,0.9988436945106358
Mistral,Deepseek,MBGYY,0.5715009541906688,0.930480599288167,-0.9528911921706352,0.999099256407055
Mistral,Deepseek,SPX,0.6649040929967572,0.9568396875517116,-0.5001051469463633,0.999990699334431
Mistral,Deepseek,T,0.7581384746832309,0.8406114013808852,0.154264882963755,0.9950394567928832
Mistral,Doubao,0941.HK,0.26901660001714417,0.6698068683833158,-0.639094853451599,0.9766463758616848
Mistral,Doubao,1211.HK,0.553704464368581,0.9821828998942378,-0.1141398899003914,0.9987135270290224
Mistral,Doubao,AMZN,0.7988198087512246,0.9955242023372785,0.019274775191561,0.9989149657447915
Mistral,Doubao,BABA,0.24661066389640451,0.9846151108336187,-0.9047594517663816,0.9989009772965765
Mistral,Doubao,DTE.DE,0.3889082335095845,0.8900082625565957,-0.7686758592391199,0.9254833864884532
Mistral,Doubao,FXI,0.2246820082513339,0.9694792161924124,-0.938338654806693,0.9942888092554713
Mistral,Doubao,GM,0.47918847161837397,0.9624711939158372,-0.8952882894236468,0.9966928470126744
Mistral,Doubao,IFNNY,0.5820677906521898,0.96609893339971,-0.9594798091494976,0.9992829565847968
Mistral,Doubao,MBGYY,0.5873663550508688,0.9860535129647282,-0.9168124493631712,0.9999254235230256
Mistral,Doubao,SPX,0.6681838735777813,0.9531146953391116,-0.4590931546068378,0.9982220660888552
Mistral,Doubao,T,0.609613905388866,0.840611401380885,-0.4376320187537818,0.987454954584296
Mistral,GPT,0941.HK,0.40306385193530864,0.6494980119986915,-0.369785434054399,0.9838964867815012
Mistral,GPT,1211.HK,0.5075163207208822,0.9932119063951824,-0.2515579448552597,0.9983051757143728
Mistral,GPT,AMZN,0.7803509963790203,0.991493451552488,-0.0718141445449297,0.999374589011366
Mistral,GPT,BABA,0.3553863183471825,0.9922464155462551,-0.831109923986997,0.9981798804660954
Mistral,GPT,DTE.DE,0.26188048489713145,0.0908126081153339,-0.6108575433171941,0.9715841799139454
Mistral,GPT,FXI,0.2926488666936158,0.9803104082816988,-0.9472781588424788,0.9947549523135836
Mistral,GPT,GM,0.5012934813429657,0.9469070461299892,-0.831909039130361,0.9979539351501148
Mistral,GPT,IFNNY,0.4795474779965196,0.918001911557046,-0.9836706749865828,0.9990118085671856
Mistral,GPT,MBGYY,0.5051682199793591,0.9049663593897566,-0.9450318273941788,0.9988952858981172
Mistral,GPT,SPX,0.643098463842867,0.8928817546559419,-0.4823258026734328,0.9999912900464254
Mistral,GPT,T,0.6898951406082052,0.8548701650632325,0.0446654144190137,0.9954504756139664
Mistral,Gemini,0941.HK,0.3117374017017205,0.6494980119986915,-0.6669010070734054,0.9870084707767458
Mistral,Gemini,1211.HK,0.603601957818275,0.9948642359043106,-0.2550205054311144,0.9983051757143728
Mistral,Gemini,AMZN,0.834977636731273,0.9962044005588632,0.1959073817880088,0.999374589011366
Mistral,Gemini,BABA,0.3175051319920464,0.9921232397268166,-0.830381407440119,0.9993359516974198
Mistral,Gemini,DTE.DE,0.42832913603920203,0.843832585930163,-0.5810608828306242,0.9715841799139454
Mistral,Gemini,FXI,0.29926314896300177,0.9783627651422628,-0.9472781588424788,0.9947549523135836
Mistral,Gemini,GM,0.48429233044305076,0.9688041491147148,-0.9376367251808796,0.9979539351501148
Mistral,Gemini,IFNNY,0.5786074810891719,0.9652695705955008,-0.9831355662909008,0.9990118085671856
Mistral,Gemini,MBGYY,0.5757393575049946,0.938476604339712,-0.950942580646617,0.9988952858981172
Mistral,Gemini,SPX,0.6642505343540073,0.9562387222846565,-0.5002652481214787,0.9999912900464254
Mistral,Gemini,T,0.7570129692173954,0.843298077424879,0.1653166558950992,0.9954504756139664
Mistral,Qwen,0941.HK,0.15424115196103544,0.3229321509753496,-0.7547103135520021,0.9853925932995476
Mistral,Qwen,1211.HK,0.39629222759065397,0.9948642359043106,-0.7531116296666668,0.9983517833344332
Mistral,Qwen,AMZN,0.5477421135162032,0.9859344831877196,-0.304079214538814,0.997824744805619
Mistral,Qwen,BABA,0.04715705139348482,-0.4585104350937344,-0.8293931408130153,0.9992059566250102
Mistral,Qwen,DTE.DE,0.523800542774602,0.8935223302786942,-0.1924580188415061,0.9347183632284604
Mistral,Qwen,FXI,0.4225363662452398,0.7978328149692652,-0.6724267157358916,0.979381442592442
Mistral,Qwen,GM,0.8131554448369199,0.9571496681069528,0.3933192049698804,0.9925875723571336
Mistral,Qwen,IFNNY,0.4011154755309952,0.9496515963396908,-0.949972992376292,0.9938896810170276
Mistral,Qwen,MBGYY,0.3417900456554583,0.8641695802671294,-0.90707919223945,0.9873011185440042
Mistral,Qwen,SPX,0.12337465712698212,-0.0047269541266777,-0.6492083271503539,0.9505529905955244
Mistral,Qwen,T,0.40898944028251344,0.8171011309040954,-0.2954225054034811,0.9658813581812116
Qwen,Claude,0941.HK,0.4272384570519495,0.2514629192141118,0.1088136972443372,0.8415912887723301
Qwen,Claude,1211.HK,0.7112031164328089,0.6503717110844751,0.5111797842191256,0.8989136909737178
Qwen,Claude,AMZN,0.511565321923155,0.637587098005751,-0.1181164056427859,0.9459199902442031
Qwen,Claude,BABA,0.3153816954815448,0.8204766472013731,-0.9190308103387924,0.9686094355639224
Qwen,Claude,DTE.DE,0.18775892423725113,0.0134004131061786,-0.6057949117867832,0.9183301956886364
Qwen,Claude,FXI,0.5285354563134886,0.8510418348459102,-0.94741050102969,0.968820119378734
Qwen,Claude,GM,0.15681245972393434,0.0189015641462007,-0.576533571715464,0.995895863574808
Qwen,Claude,IFNNY,0.6153618030452812,0.8068502275403706,0.0216942355939844,0.9743473779717834
Qwen,Claude,MBGYY,0.4183516669365896,0.8616098770550223,-0.5101051381013478,0.9381408182159868
Qwen,Claude,SPX,0.05131612888270356,-0.0483378665637538,-0.8077726105179496,0.8979626494932738
Qwen,Claude,T,0.31480805297004233,0.3637247243627536,-0.3737710550510195,0.8016880504780165
Qwen,Cohere,0941.HK,0.8378303752771654,0.9613443941969264,0.3849084009239708,0.9985482773398294
Qwen,Cohere,1211.HK,0.8331011860178549,0.9797450277965256,0.2906643258286893,0.9999790091289762
Qwen,Cohere,AMZN,0.5682002256575565,0.9715785522373164,-0.32966280668226,0.9998178018824914
Qwen,Cohere,BABA,0.656823075709015,0.9841051348428989,-0.4460977230018717,0.9990813480364203
Qwen,Cohere,DTE.DE,0.9038396465507962,0.946927048322348,0.7562342261250483,0.9830097257121692
Qwen,Cohere,FXI,0.8643150409308105,0.8460787427020324,0.6799634955904879,0.999684846565598
Qwen,Cohere,GM,0.6701886660825114,0.9574456724071608,-0.4992338695626828,0.999425448312899
Qwen,Cohere,IFNNY,0.7940790931380206,0.98057864857324,0.0999653806325563,0.9995769201757616
Qwen,Cohere,MBGYY,0.7163164205078674,0.9795163197807748,-0.201202520051208,0.9998419304791072
Qwen,Cohere,SPX,0.3983430216205108,0.6765606261646571,-0.6484009751120355,0.9998332936026604
Qwen,Cohere,T,0.6941269044795495,0.9177539328482764,-0.2696688617370708,0.9996633039773164
Qwen,Deepseek,0941.HK,0.8102863482340418,0.9939824987927494,0.2073750584278711,0.9990720617847114
Qwen,Deepseek,1211.HK,0.8462640331331326,0.9999864289857604,0.2314303548209979,0.9999993688907876
Qwen,Deepseek,AMZN,0.5653349743255764,0.9806660241607936,-0.3217867995016059,0.9999567009123586
Qwen,Deepseek,BABA,0.6497848064299125,0.9999272380685832,-0.4470578513435603,0.9999958060156908
Qwen,Deepseek,DTE.DE,0.9430603085756107,0.9881928757626324,0.7999955960047863,0.9972003145365324
Qwen,Deepseek,FXI,0.865686925549447,0.8445671726917661,0.7027112220342753,0.9999514914475364
Qwen,Deepseek,GM,0.6928358220345983,0.9886515270766312,-0.4827925583316431,0.9997882687582804
Qwen,Deepseek,IFNNY,0.7932463859554166,0.9920091815464358,0.0727251777825502,0.9994938950551998
Qwen,Deepseek,MBGYY,0.7270729438144075,0.9707090725285265,-0.1755136893937057,0.9999287667189872
Qwen,Deepseek,SPX,0.39736358096456886,0.6573025180589827,-0.6482257947779724,0.9999833062519714
Qwen,Deepseek,T,0.7116833994366558,0.9981834068379132,-0.2732814487287544,0.9999632133632208
Qwen,Doubao,0941.HK,0.7994032460234506,0.9011271137791662,0.2072382055189958,0.998588722212107
Qwen,Doubao,1211.HK,0.9186977123465818,0.9952903418173358,0.6094705250948722,0.999887099022092
Qwen,Doubao,AMZN,0.6207947056173044,0.9962463465556954,-0.3170341457162403,0.997503061402334
Qwen,Doubao,BABA,0.6649806769141358,0.9986805731353252,-0.42701535619201,0.9990288460243426
Qwen,Doubao,DTE.DE,0.8992046131318823,0.9680783421521614,0.6229888316614833,0.998946851621512
Qwen,Doubao,FXI,0.8104840364744579,0.8210568313065902,0.430365966439075,0.997499062680384
Qwen,Doubao,GM,0.710683335310532,0.9928086852133956,-0.3918006082738715,0.9991007230207818
Qwen,Doubao,IFNNY,0.781742390953024,0.9805736041922438,0.0847797167858307,0.991799039822896
Qwen,Doubao,MBGYY,0.6916545403550055,0.9218895928232458,-0.1598378853450612,0.9879574778790824
Qwen,Doubao,SPX,0.38979232367832706,0.6772407297323224,-0.6638557207555611,0.9984305548834546
Qwen,Doubao,T,0.7211451200354337,0.9697503288675738,-0.2772709962413123,0.9981834068379128
Qwen,GPT,0941.HK,0.7727097236757411,0.8849317153027911,0.2272794071513963,0.9979558131432246
Qwen,GPT,1211.HK,0.9142343616124509,0.9998809711246855,0.5714595875875936,0.9999908432004262
Qwen,GPT,AMZN,0.518294268862694,0.995333427819472,-0.3233166283629469,0.9997054710501804
Qwen,GPT,BABA,0.41450543810425444,0.9996072093191474,-0.4796261158519048,0.9999918353172418
Qwen,GPT,DTE.DE,0.7920131493932281,0.9442121707943434,0.3818853015315661,0.9907150741548014
Qwen,GPT,FXI,0.8634598156831734,0.8404083356828226,0.7246628571852496,0.998854879421916
Qwen,GPT,GM,0.6215170818133391,0.9895950605259196,-0.8348433359683111,0.9986211092989964
Qwen,GPT,IFNNY,0.6706864361241915,0.9038420851297626,0.0731878368936961,0.9984422503851222
Qwen,GPT,MBGYY,0.6356717082248693,0.8538037359343125,-0.1753667115702705,0.999628484987764
Qwen,GPT,SPX,0.3873861450486942,0.6643963456847415,-0.6478282143673935,0.9989447305878494
Qwen,GPT,T,0.7042376166518929,0.9428201848801812,-0.2761153279382776,0.9985166408608006
Qwen,Gemini,0941.HK,0.8145035940610994,0.9935914664337177,0.2272794071513963,1.0
Qwen,Gemini,1211.HK,0.8463035409760178,0.9999861671326032,0.2316448411151881,1.0
Qwen,Gemini,AMZN,0.5691366656784671,0.9998542092694092,-0.3233166283629469,0.9999979525128072
Qwen,Gemini,BABA,0.6496653092952136,0.9999284375519868,-0.4471618478268508,0.9999949890256968
Qwen,Gemini,DTE.DE,0.9423219508603143,0.9876421430149068,0.7853465767601723,1.0
Qwen,Gemini,FXI,0.8654524844184269,0.8404083356828226,0.7056272450856659,0.9999999999999998
Qwen,Gemini,GM,0.6953823201139114,0.99973317788927,-0.4811626444353782,0.999980937893248
Qwen,Gemini,IFNNY,0.793308480335556,0.991212675323343,0.0731878368936961,1.0
Qwen,Gemini,MBGYY,0.7291583675941504,0.9798105427676564,-0.1753667115702705,1.0
Qwen,Gemini,SPX,0.3970187734266052,0.656877402259223,-0.6478282143673935,1.0
Qwen,Gemini,T,0.7105902553359333,0.999285956626898,-0.2761153279382776,1.0
Qwen,Mistral,0941.HK,0.15424115196103544,0.3229321509753496,-0.754710313552002,0.9853925932995476
Qwen,Mistral,1211.HK,0.39629222759065397,0.9948642359043108,-0.7531116296666669,0.9983517833344332
Qwen,Mistral,AMZN,0.547742113516203,0.9859344831877196,-0.3040792145388142,0.9978247448056192
Qwen,Mistral,BABA,0.04715705139348482,-0.4585104350937344,-0.8293931408130153,0.9992059566250102
Qwen,Mistral,DTE.DE,0.5238005427746019,0.8935223302786942,-0.1924580188415061,0.9347183632284604
Qwen,Mistral,FXI,0.4225363662452398,0.7978328149692653,-0.6724267157358916,0.979381442592442
Qwen,Mistral,GM,0.8131554448369197,0.9571496681069528,0.3933192049698804,0.9925875723571336
Qwen,Mistral,IFNNY,0.4011154755309952,0.9496515963396908,-0.949972992376292,0.9938896810170276
Qwen,Mistral,MBGYY,0.3417900456554583,0.8641695802671294,-0.9070791922394498,0.9873011185440042
Qwen,Mistral,SPX,0.12337465712698212,-0.0047269541266777,-0.649208327150354,0.9505529905955246
Qwen,Mistral,T,0.40898944028251344,0.8171011309040954,-0.295422505403481,0.9658813581812116
